sample_id,image_id,label,split,roi_path,is_augmented,source_id,mean_R,mean_G,mean_B,std_R,std_G,std_B,mean_H,mean_S,mean_V,std_H,std_S,std_V,mean_L,mean_a,mean_b,std_L,std_a,std_b,mean_r_norm,mean_g_norm,mean_b_norm,std_r_norm,std_g_norm,std_b_norm,true_label,pred_label,is_correct
IMG_20260406_114714_r0_c0,white_IMG_20260406_114714,white,test,/content/data/roi/white/IMG_20260406_114714_r0_c0.jpg,False,IMG_20260406_114714_r0_c0,224.9177,226.09894,222.75047,18.519833,18.984905,20.113016,48.96125,4.6273828,226.31558,20.874636,4.260304,18.60612,228.89395,127.09262,129.36586,17.292536,0.4535399,1.4433318,0.33399484,0.3356502,0.33044052,0.0031731615,0.0010812373,0.0039149197,white,blue,False
IMG_20260406_121404_r1_c2,orange_IMG_20260406_121404,orange,test,/content/data/roi/orange/IMG_20260406_121404_r1_c2.jpg,False,IMG_20260406_121404_r1_c2,243.04039,205.58125,179.47906,12.312238,43.648163,51.194683,14.996836,68.69301,243.04973,6.287494,49.538933,12.319639,218.00578,138.10867,146.67761,30.532585,12.986235,11.08413,0.4001232,0.32328704,0.27658996,0.08452794,0.026777323,0.059010576,orange,red,False
