model,best_C,best_gamma,best_validation_f1_macro,tuning_cv_f1_macro,tuning_time_seconds,test_accuracy,test_precision_macro,test_recall_macro,test_f1_macro
SVM PSO,52.33147668239887,0.017950424212579686,0.9907389542735867,0.9584870593696567,82.59464979171753,0.9583333333333334,0.9666666666666667,0.9583333333333334,0.9576719576719577
